English Bus 1,8,end
English Bus 2,8,end
English Bus 3,8,end
English Bus 4,8,end
English Bus 5,8,end
English Bus 6,8,end
Bricks Reading 30-1,16,end
Bricks Reading 30-2,16,end
Bricks Reading 30-3,16,end
Bricks Reading 50-1,16,end
Bricks Reading 50-2,16,end
Bricks Reading 50-3,16,end
Bricks Reading 100-1,16,end
Bricks Reading 100-2,16,end
Bricks Reading 100-3,16,end
Bricks Reading 150-1,16,end
Bricks Reading 150-2,16,end
Bricks Reading 150-3,16,end
First Grammar 1,,
First Grammar 2,,
Smart Grammer 1,,
Smart Grammar 2,,
Brick Grammar 1,12,
Brick Grammar 2,,
Brick Grammar 3,,
Brick Grammar 4,,
